"ProductKey","SKU","Product","Standard Cost","Color","List Price","Model","Subcategory","Category"
"0215","HL-U509","Sport-100 Helmet, Black","12","Black","34","Sport-100","Helmets","Accessories"
"0216","HL-U509","Sport-100 Helmet, Black","14","Black","34","Sport-100","Helmets","Accessories"
"0217","HL-U509","Sport-100 Helmet, Black","13","Black","35","Sport-100","Helmets","Accessories"
"0220","HL-U509-B","Sport-100 Helmet, Blue","12","Blue","34","Sport-100","Helmets","Accessories"
"0221","HL-U509-B","Sport-100 Helmet, Blue","14","Blue","34","Sport-100","Helmets","Accessories"
"0222","HL-U509-B","Sport-100 Helmet, Blue","13","Blue","35","Sport-100","Helmets","Accessories"
"0446","PA-T100","Touring-Panniers, Large","52","Grey","125","Touring-Panniers","Panniers","Accessories"
"0480","PK-7098","Patch Kit/8 Patches","01","NA","02","Patch kit","Tires and Tubes","Accessories"
"0529","TT-R982","Road Tire Tube","01","NA","04","Road Tire Tube","Tires and Tubes","Accessories"
"0528","TT-M928","Mountain Tire Tube","02","NA","05","Mountain Tire Tube","Tires and Tubes","Accessories"
"0530","TT-T092","Touring Tire Tube","02","NA","05","Touring Tire Tube","Tires and Tubes","Accessories"
"0477","WB-H098","Water Bottle - 30 oz.","02","NA","05","Water Bottle","Bottles and Cages","Accessories"
"0484","CL-9009","Bike Wash - Dissolver","03","NA","08","Bike Wash","Cleaners","Accessories"
"0479","BC-R205","Road Bottle Cage","03","NA","09","Road Bottle Cage","Bottles and Cages","Accessories"
"0478","BC-M005","Mountain Bottle Cage","04","NA","10","Mountain Bottle Cage","Bottles and Cages","Accessories"
"0450","LT-T990","Taillights - Battery-Powered","06","NA","14","Taillight","Lights","Accessories"
"0448","PU-0452","Minipump","08","NA","20","Minipump","Pumps","Accessories"
"0538","TI-R092","LL Road Tire","08","NA","21","LL Road Tire","Tires and Tubes","Accessories"
"0485","FE-6654","Fender Set - Mountain","08","NA","22","Fender Set - Mountain","Fenders","Accessories"
"0535","TI-M267","LL Mountain Tire","09","NA","25","LL Mountain Tire","Tires and Tubes","Accessories"
"0539","TI-R628","ML Road Tire","09","NA","25","ML Road Tire","Tires and Tubes","Accessories"
"0449","PU-M044","Mountain Pump","10","NA","25","Mountain Pump","Pumps","Accessories"
"0447","LO-C100","Cable Lock","10","NA","25","Cable Lock","Locks","Accessories"
"0541","TI-T723","Touring Tire","11","NA","29","Touring Tire","Tires and Tubes","Accessories"
"0536","TI-M602","ML Mountain Tire","11","NA","30","ML Mountain Tire","Tires and Tubes","Accessories"
"0540","TI-R982","HL Road Tire","12","NA","33","HL Road Tire","Tires and Tubes","Accessories"
"0451","LT-H902","Headlights - Dual-Beam","14","NA","35","Headlights - Dual-Beam","Lights","Accessories"
"0537","TI-M823","HL Mountain Tire","13","NA","35","HL Mountain Tire","Tires and Tubes","Accessories"
"0452","LT-H903","Headlights - Weatherproof","19","NA","45","Headlights - Weatherproof","Lights","Accessories"
"0483","RA-H123","Hitch Rack - 4-Bike","45","NA","120","Hitch Rack - 4-Bike","Bike Racks","Accessories"
"0486","ST-1401","All-Purpose Bike Stand","59","NA","159","All-Purpose Bike Stand","Bike Stands","Accessories"
"0212","HL-U509-R","Sport-100 Helmet, Red","12","Red","34","Sport-100","Helmets","Accessories"
"0213","HL-U509-R","Sport-100 Helmet, Red","14","Red","34","Sport-100","Helmets","Accessories"
"0214","HL-U509-R","Sport-100 Helmet, Red","13","Red","35","Sport-100","Helmets","Accessories"
"0487","HY-1023-70","Hydration Pack - 70 oz.","21","Silver","55","Hydration Pack","Hydration Packs","Accessories"
"0596","BK-M18B-40","Mountain-500 Black, 40","295","Black","540","Mountain-500","Mountain Bikes","Bikes"
"0597","BK-M18B-42","Mountain-500 Black, 42","295","Black","540","Mountain-500","Mountain Bikes","Bikes"
"0598","BK-M18B-44","Mountain-500 Black, 44","295","Black","540","Mountain-500","Mountain Bikes","Bikes"
"0599","BK-M18B-48","Mountain-500 Black, 48","295","Black","540","Mountain-500","Mountain Bikes","Bikes"
"0600","BK-M18B-52","Mountain-500 Black, 52","295","Black","540","Mountain-500","Mountain Bikes","Bikes"
"0604","BK-R19B-44","Road-750 Black, 44","344","Black","540","Road-750","Road Bikes","Bikes"
"0605","BK-R19B-48","Road-750 Black, 48","344","Black","540","Road-750","Road Bikes","Bikes"
"0606","BK-R19B-52","Road-750 Black, 52","344","Black","540","Road-750","Road Bikes","Bikes"
"0584","BK-R19B-58","Road-750 Black, 58","344","Black","540","Road-750","Road Bikes","Bikes"
"0338","BK-R50B-44","Road-650 Black, 44","413","Black","699","Road-650","Road Bikes","Bikes"
"0340","BK-R50B-48","Road-650 Black, 48","413","Black","699","Road-650","Road Bikes","Bikes"
"0342","BK-R50B-52","Road-650 Black, 52","413","Black","699","Road-650","Road Bikes","Bikes"
"0332","BK-R50B-58","Road-650 Black, 58","413","Black","699","Road-650","Road Bikes","Bikes"
"0334","BK-R50B-60","Road-650 Black, 60","413","Black","699","Road-650","Road Bikes","Bikes"
"0336","BK-R50B-62","Road-650 Black, 62","413","Black","699","Road-650","Road Bikes","Bikes"
"0339","BK-R50B-44","Road-650 Black, 44","487","Black","783","Road-650","Road Bikes","Bikes"
"0341","BK-R50B-48","Road-650 Black, 48","487","Black","783","Road-650","Road Bikes","Bikes"
"0343","BK-R50B-52","Road-650 Black, 52","487","Black","783","Road-650","Road Bikes","Bikes"
"0333","BK-R50B-58","Road-650 Black, 58","487","Black","783","Road-650","Road Bikes","Bikes"
"0335","BK-R50B-60","Road-650 Black, 60","487","Black","783","Road-650","Road Bikes","Bikes"
"0337","BK-R50B-62","Road-650 Black, 62","487","Black","783","Road-650","Road Bikes","Bikes"
"0364","BK-M47B-38","Mountain-300 Black, 38","598","Black","1080","Mountain-300","Mountain Bikes","Bikes"
"0365","BK-M47B-40","Mountain-300 Black, 40","598","Black","1080","Mountain-300","Mountain Bikes","Bikes"
"0366","BK-M47B-44","Mountain-300 Black, 44","598","Black","1080","Mountain-300","Mountain Bikes","Bikes"
"0367","BK-M47B-48","Mountain-300 Black, 48","598","Black","1080","Mountain-300","Mountain Bikes","Bikes"
"0358","BK-M68B-38","Mountain-200 Black, 38","1106","Black","2049","Mountain-200","Mountain Bikes","Bikes"
"0360","BK-M68B-42","Mountain-200 Black, 42","1106","Black","2049","Mountain-200","Mountain Bikes","Bikes"
"0362","BK-M68B-46","Mountain-200 Black, 46","1106","Black","2049","Mountain-200","Mountain Bikes","Bikes"
"0373","BK-R89B-44","Road-250 Black, 44","1321","Black","2182","Road-250","Road Bikes","Bikes"
"0375","BK-R89B-48","Road-250 Black, 48","1321","Black","2182","Road-250","Road Bikes","Bikes"
"0377","BK-R89B-52","Road-250 Black, 52","1321","Black","2182","Road-250","Road Bikes","Bikes"
"0379","BK-R89B-58","Road-250 Black, 58","1321","Black","2182","Road-250","Road Bikes","Bikes"
"0359","BK-M68B-38","Mountain-200 Black, 38","1252","Black","2295","Mountain-200","Mountain Bikes","Bikes"
"0361","BK-M68B-42","Mountain-200 Black, 42","1252","Black","2295","Mountain-200","Mountain Bikes","Bikes"
"0363","BK-M68B-46","Mountain-200 Black, 46","1252","Black","2295","Mountain-200","Mountain Bikes","Bikes"
"0374","BK-R89B-44","Road-250 Black, 44","1555","Black","2443","Road-250","Road Bikes","Bikes"
"0376","BK-R89B-48","Road-250 Black, 48","1555","Black","2443","Road-250","Road Bikes","Bikes"
"0378","BK-R89B-52","Road-250 Black, 52","1555","Black","2443","Road-250","Road Bikes","Bikes"
"0380","BK-R89B-58","Road-250 Black, 58","1555","Black","2443","Road-250","Road Bikes","Bikes"
"0348","BK-M82B-38","Mountain-100 Black, 38","1898","Black","3375","Mountain-100","Mountain Bikes","Bikes"
"0349","BK-M82B-42","Mountain-100 Black, 42","1898","Black","3375","Mountain-100","Mountain Bikes","Bikes"
"0350","BK-M82B-44","Mountain-100 Black, 44","1898","Black","3375","Mountain-100","Mountain Bikes","Bikes"
"0351","BK-M82B-48","Mountain-100 Black, 48","1898","Black","3375","Mountain-100","Mountain Bikes","Bikes"
"0585","BK-T18U-44","Touring-3000 Blue, 44","461","Blue","742","Touring-3000","Touring Bikes","Bikes"
"0586","BK-T18U-50","Touring-3000 Blue, 50","461","Blue","742","Touring-3000","Touring Bikes","Bikes"
"0565","BK-T18U-54","Touring-3000 Blue, 54","461","Blue","742","Touring-3000","Touring Bikes","Bikes"
"0566","BK-T18U-58","Touring-3000 Blue, 58","461","Blue","742","Touring-3000","Touring Bikes","Bikes"
"0567","BK-T18U-62","Touring-3000 Blue, 62","461","Blue","742","Touring-3000","Touring Bikes","Bikes"
"0577","BK-T44U-46","Touring-2000 Blue, 46","755","Blue","1215","Touring-2000","Touring Bikes","Bikes"
"0578","BK-T44U-50","Touring-2000 Blue, 50","755","Blue","1215","Touring-2000","Touring Bikes","Bikes"
"0579","BK-T44U-54","Touring-2000 Blue, 54","755","Blue","1215","Touring-2000","Touring Bikes","Bikes"
"0560","BK-T44U-60","Touring-2000 Blue, 60","755","Blue","1215","Touring-2000","Touring Bikes","Bikes"
"0573","BK-T79U-46","Touring-1000 Blue, 46","1482","Blue","2384","Touring-1000","Touring Bikes","Bikes"
"0574","BK-T79U-50","Touring-1000 Blue, 50","1482","Blue","2384","Touring-1000","Touring Bikes","Bikes"
"0575","BK-T79U-54","Touring-1000 Blue, 54","1482","Blue","2384","Touring-1000","Touring Bikes","Bikes"
"0576","BK-T79U-60","Touring-1000 Blue, 60","1482","Blue","2384","Touring-1000","Touring Bikes","Bikes"
"0326","BK-R50R-44","Road-650 Red, 44","413","Red","699","Road-650","Road Bikes","Bikes"
"0328","BK-R50R-48","Road-650 Red, 48","413","Red","699","Road-650","Road Bikes","Bikes"
"0330","BK-R50R-52","Road-650 Red, 52","413","Red","699","Road-650","Road Bikes","Bikes"
"0320","BK-R50R-58","Road-650 Red, 58","413","Red","699","Road-650","Road Bikes","Bikes"
"0322","BK-R50R-60","Road-650 Red, 60","413","Red","699","Road-650","Road Bikes","Bikes"
"0324","BK-R50R-62","Road-650 Red, 62","413","Red","699","Road-650","Road Bikes","Bikes"
"0327","BK-R50R-44","Road-650 Red, 44","487","Red","783","Road-650","Road Bikes","Bikes"
"0329","BK-R50R-48","Road-650 Red, 48","487","Red","783","Road-650","Road Bikes","Bikes"
"0331","BK-R50R-52","Road-650 Red, 52","487","Red","783","Road-650","Road Bikes","Bikes"
"0321","BK-R50R-58","Road-650 Red, 58","487","Red","783","Road-650","Road Bikes","Bikes"
"0323","BK-R50R-60","Road-650 Red, 60","487","Red","783","Road-650","Road Bikes","Bikes"
"0325","BK-R50R-62","Road-650 Red, 62","487","Red","783","Road-650","Road Bikes","Bikes"
"0317","BK-R68R-44","Road-450 Red, 44","885","Red","1458","Road-450","Road Bikes","Bikes"
"0318","BK-R68R-48","Road-450 Red, 48","885","Red","1458","Road-450","Road Bikes","Bikes"
"0319","BK-R68R-52","Road-450 Red, 52","885","Red","1458","Road-450","Road Bikes","Bikes"
"0315","BK-R68R-58","Road-450 Red, 58","885","Red","1458","Road-450","Road Bikes","Bikes"
"0316","BK-R68R-60","Road-450 Red, 60","885","Red","1458","Road-450","Road Bikes","Bikes"
"0371","BK-R89R-58","Road-250 Red, 58","1321","Red","2182","Road-250","Road Bikes","Bikes"
"0368","BK-R89R-44","Road-250 Red, 44","1519","Red","2443","Road-250","Road Bikes","Bikes"
"0369","BK-R89R-48","Road-250 Red, 48","1519","Red","2443","Road-250","Road Bikes","Bikes"
"0370","BK-R89R-52","Road-250 Red, 52","1519","Red","2443","Road-250","Road Bikes","Bikes"
"0372","BK-R89R-58","Road-250 Red, 58","1555","Red","2443","Road-250","Road Bikes","Bikes"
"0311","BK-R93R-44","Road-150 Red, 44","2171","Red","3578","Road-150","Road Bikes","Bikes"
"0312","BK-R93R-48","Road-150 Red, 48","2171","Red","3578","Road-150","Road Bikes","Bikes"
"0313","BK-R93R-52","Road-150 Red, 52","2171","Red","3578","Road-150","Road Bikes","Bikes"
"0314","BK-R93R-56","Road-150 Red, 56","2171","Red","3578","Road-150","Road Bikes","Bikes"
"0310","BK-R93R-62","Road-150 Red, 62","2171","Red","3578","Road-150","Road Bikes","Bikes"
"0591","BK-M18S-40","Mountain-500 Silver, 40","308","Silver","565","Mountain-500","Mountain Bikes","Bikes"
"0592","BK-M18S-42","Mountain-500 Silver, 42","308","Silver","565","Mountain-500","Mountain Bikes","Bikes"
"0593","BK-M18S-44","Mountain-500 Silver, 44","308","Silver","565","Mountain-500","Mountain Bikes","Bikes"
"0594","BK-M18S-48","Mountain-500 Silver, 48","308","Silver","565","Mountain-500","Mountain Bikes","Bikes"
"0595","BK-M18S-52","Mountain-500 Silver, 52","308","Silver","565","Mountain-500","Mountain Bikes","Bikes"
"0587","BK-M38S-38","Mountain-400-W Silver, 38","420","Silver","769","Mountain-400-W","Mountain Bikes","Bikes"
"0588","BK-M38S-40","Mountain-400-W Silver, 40","420","Silver","769","Mountain-400-W","Mountain Bikes","Bikes"
"0589","BK-M38S-42","Mountain-400-W Silver, 42","420","Silver","769","Mountain-400-W","Mountain Bikes","Bikes"
"0590","BK-M38S-46","Mountain-400-W Silver, 46","420","Silver","769","Mountain-400-W","Mountain Bikes","Bikes"
"0352","BK-M68S-38","Mountain-200 Silver, 38","1118","Silver","2071","Mountain-200","Mountain Bikes","Bikes"
"0354","BK-M68S-42","Mountain-200 Silver, 42","1118","Silver","2071","Mountain-200","Mountain Bikes","Bikes"
"0356","BK-M68S-46","Mountain-200 Silver, 46","1118","Silver","2071","Mountain-200","Mountain Bikes","Bikes"
"0353","BK-M68S-38","Mountain-200 Silver, 38","1266","Silver","2320","Mountain-200","Mountain Bikes","Bikes"
"0355","BK-M68S-42","Mountain-200 Silver, 42","1266","Silver","2320","Mountain-200","Mountain Bikes","Bikes"
"0357","BK-M68S-46","Mountain-200 Silver, 46","1266","Silver","2320","Mountain-200","Mountain Bikes","Bikes"
"0344","BK-M82S-38","Mountain-100 Silver, 38","1912","Silver","3400","Mountain-100","Mountain Bikes","Bikes"
"0345","BK-M82S-42","Mountain-100 Silver, 42","1912","Silver","3400","Mountain-100","Mountain Bikes","Bikes"
"0346","BK-M82S-44","Mountain-100 Silver, 44","1912","Silver","3400","Mountain-100","Mountain Bikes","Bikes"
"0347","BK-M82S-48","Mountain-100 Silver, 48","1912","Silver","3400","Mountain-100","Mountain Bikes","Bikes"
"0568","BK-T18Y-44","Touring-3000 Yellow, 44","461","Yellow","742","Touring-3000","Touring Bikes","Bikes"
"0569","BK-T18Y-50","Touring-3000 Yellow, 50","461","Yellow","742","Touring-3000","Touring Bikes","Bikes"
"0570","BK-T18Y-54","Touring-3000 Yellow, 54","461","Yellow","742","Touring-3000","Touring Bikes","Bikes"
"0571","BK-T18Y-58","Touring-3000 Yellow, 58","461","Yellow","742","Touring-3000","Touring Bikes","Bikes"
"0572","BK-T18Y-62","Touring-3000 Yellow, 62","461","Yellow","742","Touring-3000","Touring Bikes","Bikes"
"0381","BK-R64Y-38","Road-550-W Yellow, 38","606","Yellow","1000","Road-550-W","Road Bikes","Bikes"
"0383","BK-R64Y-40","Road-550-W Yellow, 40","606","Yellow","1000","Road-550-W","Road Bikes","Bikes"
"0385","BK-R64Y-42","Road-550-W Yellow, 42","606","Yellow","1000","Road-550-W","Road Bikes","Bikes"
"0387","BK-R64Y-44","Road-550-W Yellow, 44","606","Yellow","1000","Road-550-W","Road Bikes","Bikes"
"0389","BK-R64Y-48","Road-550-W Yellow, 48","606","Yellow","1000","Road-550-W","Road Bikes","Bikes"
"0382","BK-R64Y-38","Road-550-W Yellow, 38","713","Yellow","1120","Road-550-W","Road Bikes","Bikes"
"0384","BK-R64Y-40","Road-550-W Yellow, 40","713","Yellow","1120","Road-550-W","Road Bikes","Bikes"
"0386","BK-R64Y-42","Road-550-W Yellow, 42","713","Yellow","1120","Road-550-W","Road Bikes","Bikes"
"0388","BK-R64Y-44","Road-550-W Yellow, 44","713","Yellow","1120","Road-550-W","Road Bikes","Bikes"
"0390","BK-R64Y-48","Road-550-W Yellow, 48","713","Yellow","1120","Road-550-W","Road Bikes","Bikes"
"0580","BK-R79Y-40","Road-350-W Yellow, 40","1083","Yellow","1701","Road-350-W","Road Bikes","Bikes"
"0581","BK-R79Y-42","Road-350-W Yellow, 42","1083","Yellow","1701","Road-350-W","Road Bikes","Bikes"
"0582","BK-R79Y-44","Road-350-W Yellow, 44","1083","Yellow","1701","Road-350-W","Road Bikes","Bikes"
"0583","BK-R79Y-48","Road-350-W Yellow, 48","1083","Yellow","1701","Road-350-W","Road Bikes","Bikes"
"0561","BK-T79Y-46","Touring-1000 Yellow, 46","1482","Yellow","2384","Touring-1000","Touring Bikes","Bikes"
"0562","BK-T79Y-50","Touring-1000 Yellow, 50","1482","Yellow","2384","Touring-1000","Touring Bikes","Bikes"
"0563","BK-T79Y-54","Touring-1000 Yellow, 54","1482","Yellow","2384","Touring-1000","Touring Bikes","Bikes"
"0564","BK-T79Y-60","Touring-1000 Yellow, 60","1482","Yellow","2384","Touring-1000","Touring Bikes","Bikes"
"0466","GL-H102-L","Half-Finger Gloves, L","10","Black","24","Half-Finger Gloves","Gloves","Clothing"
"0464","GL-H102-M","Half-Finger Gloves, M","10","Black","24","Half-Finger Gloves","Gloves","Clothing"
"0462","GL-H102-S","Half-Finger Gloves, S","10","Black","24","Half-Finger Gloves","Gloves","Clothing"
"0467","GL-H102-L","Half-Finger Gloves, L","09","Black","24","Half-Finger Gloves","Gloves","Clothing"
"0465","GL-H102-M","Half-Finger Gloves, M","09","Black","24","Half-Finger Gloves","Gloves","Clothing"
"0463","GL-H102-S","Half-Finger Gloves, S","09","Black","24","Half-Finger Gloves","Gloves","Clothing"
"0470","GL-F110-L","Full-Finger Gloves, L","16","Black","38","Full-Finger Gloves","Gloves","Clothing"
"0469","GL-F110-M","Full-Finger Gloves, M","16","Black","38","Full-Finger Gloves","Gloves","Clothing"
"0468","GL-F110-S","Full-Finger Gloves, S","16","Black","38","Full-Finger Gloves","Gloves","Clothing"
"0454","SH-M897-L","Men's Sports Shorts, L","25","Black","60","Men's Sports Shorts","Shorts","Clothing"
"0453","SH-M897-M","Men's Sports Shorts, M","25","Black","60","Men's Sports Shorts","Shorts","Clothing"
"0445","SH-M897-S","Men's Sports Shorts, S","25","Black","60","Men's Sports Shorts","Shorts","Clothing"
"0455","SH-M897-X","Men's Sports Shorts, XL","25","Black","60","Men's Sports Shorts","Shorts","Clothing"
"0476","SH-W890-L","Women's Mountain Shorts, L","26","Black","70","Women's Mountain Shorts","Shorts","Clothing"
"0475","SH-W890-M","Women's Mountain Shorts, M","26","Black","70","Women's Mountain Shorts","Shorts","Clothing"
"0474","SH-W890-S","Women's Mountain Shorts, S","26","Black","70","Women's Mountain Shorts","Shorts","Clothing"
"0458","TG-W091-L","Women's Tights, L","31","Black","75","Women's Tights","Tights","Clothing"
"0457","TG-W091-M","Women's Tights, M","31","Black","75","Women's Tights","Tights","Clothing"
"0456","TG-W091-S","Women's Tights, S","31","Black","75","Women's Tights","Tights","Clothing"
"0473","VE-C304-L","Classic Vest, L","24","Blue","64","Classic Vest","Vests","Clothing"
"0472","VE-C304-M","Classic Vest, M","24","Blue","64","Classic Vest","Vests","Clothing"
"0471","VE-C304-S","Classic Vest, S","24","Blue","64","Classic Vest","Vests","Clothing"
"0223","CA-1098","AWC Logo Cap","06","Multi","09","Cycling Cap","Caps","Clothing"
"0224","CA-1098","AWC Logo Cap","05","Multi","09","Cycling Cap","Caps","Clothing"
"0225","CA-1098","AWC Logo Cap","07","Multi","09","Cycling Cap","Caps","Clothing"
"0232","LJ-0192-L","Long-Sleeve Logo Jersey, L","32","Multi","48","Long-Sleeve Logo Jersey","Jerseys","Clothing"
"0233","LJ-0192-L","Long-Sleeve Logo Jersey, L","29","Multi","48","Long-Sleeve Logo Jersey","Jerseys","Clothing"
"0229","LJ-0192-M","Long-Sleeve Logo Jersey, M","32","Multi","48","Long-Sleeve Logo Jersey","Jerseys","Clothing"
"0230","LJ-0192-M","Long-Sleeve Logo Jersey, M","29","Multi","48","Long-Sleeve Logo Jersey","Jerseys","Clothing"
"0226","LJ-0192-S","Long-Sleeve Logo Jersey, S","32","Multi","48","Long-Sleeve Logo Jersey","Jerseys","Clothing"
"0227","LJ-0192-S","Long-Sleeve Logo Jersey, S","29","Multi","48","Long-Sleeve Logo Jersey","Jerseys","Clothing"
"0235","LJ-0192-X","Long-Sleeve Logo Jersey, XL","32","Multi","48","Long-Sleeve Logo Jersey","Jerseys","Clothing"
"0236","LJ-0192-X","Long-Sleeve Logo Jersey, XL","29","Multi","48","Long-Sleeve Logo Jersey","Jerseys","Clothing"
"0234","LJ-0192-L","Long-Sleeve Logo Jersey, L","38","Multi","50","Long-Sleeve Logo Jersey","Jerseys","Clothing"
"0231","LJ-0192-M","Long-Sleeve Logo Jersey, M","38","Multi","50","Long-Sleeve Logo Jersey","Jerseys","Clothing"
"0228","LJ-0192-S","Long-Sleeve Logo Jersey, S","38","Multi","50","Long-Sleeve Logo Jersey","Jerseys","Clothing"
"0237","LJ-0192-X","Long-Sleeve Logo Jersey, XL","38","Multi","50","Long-Sleeve Logo Jersey","Jerseys","Clothing"
"0461","SB-M891-L","Men's Bib-Shorts, L","37","Multi","90","Men's Bib-Shorts","Bib-Shorts","Clothing"
"0460","SB-M891-M","Men's Bib-Shorts, M","37","Multi","90","Men's Bib-Shorts","Bib-Shorts","Clothing"
"0459","SB-M891-S","Men's Bib-Shorts, S","37","Multi","90","Men's Bib-Shorts","Bib-Shorts","Clothing"
"0482","SO-R809-L","Racing Socks, L","03","White","09","Racing Socks","Socks","Clothing"
"0481","SO-R809-M","Racing Socks, M","03","White","09","Racing Socks","Socks","Clothing"
"0219","SO-B909-L","Mountain Bike Socks, L","03","White","10","Mountain Bike Socks","Socks","Clothing"
"0218","SO-B909-M","Mountain Bike Socks, M","03","White","10","Mountain Bike Socks","Socks","Clothing"
"0490","SJ-0194-L","Short-Sleeve Classic Jersey, L","42","Yellow","54","Short-Sleeve Classic Jersey","Jerseys","Clothing"
"0489","SJ-0194-M","Short-Sleeve Classic Jersey, M","42","Yellow","54","Short-Sleeve Classic Jersey","Jerseys","Clothing"
"0488","SJ-0194-S","Short-Sleeve Classic Jersey, S","42","Yellow","54","Short-Sleeve Classic Jersey","Jerseys","Clothing"
"0491","SJ-0194-X","Short-Sleeve Classic Jersey, XL","42","Yellow","54","Short-Sleeve Classic Jersey","Jerseys","Clothing"
"0410","FW-M423","LL Mountain Front Wheel","27","Black","61","LL Mountain Front Wheel","Wheels","Components"
"0413","FW-R623","LL Road Front Wheel","38","Black","86","LL Road Front Wheel","Wheels","Components"
"0419","RW-M423","LL Mountain Rear Wheel","39","Black","88","LL Mountain Rear Wheel","Wheels","Components"
"0422","RW-R623","LL Road Rear Wheel","50","Black","113","LL Road Rear Wheel","Wheels","Components"
"0556","CS-4759","LL Crankset","78","Black","175","LL Crankset","Cranksets","Components"
"0411","FW-M762","ML Mountain Front Wheel","93","Black","209","ML Mountain Front Wheel","Wheels","Components"
"0416","FW-T905","Touring Front Wheel","97","Black","218","Touring Front Wheel","Wheels","Components"
"0420","RW-M762","ML Mountain Rear Wheel","105","Black","236","ML Mountain Rear Wheel","Wheels","Components"
"0425","RW-T905","Touring Rear Wheel","109","Black","245","Touring Rear Wheel","Wheels","Components"
"0414","FW-R762","ML Road Front Wheel","110","Black","248","ML Road Front Wheel","Wheels","Components"
"0550","FR-M21B-40","LL Mountain Frame - Black, 40","137","Black","250","LL Mountain Frame","Mountain Frames","Components"
"0531","FR-M21B-42","LL Mountain Frame - Black, 42","137","Black","250","LL Mountain Frame","Mountain Frames","Components"
"0532","FR-M21B-44","LL Mountain Frame - Black, 44","137","Black","250","LL Mountain Frame","Mountain Frames","Components"
"0533","FR-M21B-48","LL Mountain Frame - Black, 48","137","Black","250","LL Mountain Frame","Mountain Frames","Components"
"0534","FR-M21B-52","LL Mountain Frame - Black, 52","137","Black","250","LL Mountain Frame","Mountain Frames","Components"
"0557","CS-6583","ML Crankset","114","Black","256","ML Crankset","Cranksets","Components"
"0423","RW-R762","ML Road Rear Wheel","122","Black","275","ML Road Rear Wheel","Wheels","Components"
"0279","FR-R38B-44","LL Road Frame - Black, 44","176","Black","298","LL Road Frame","Road Frames","Components"
"0282","FR-R38B-48","LL Road Frame - Black, 48","176","Black","298","LL Road Frame","Road Frames","Components"
"0285","FR-R38B-52","LL Road Frame - Black, 52","176","Black","298","LL Road Frame","Road Frames","Components"
"0253","FR-R38B-58","LL Road Frame - Black, 58","176","Black","298","LL Road Frame","Road Frames","Components"
"0256","FR-R38B-60","LL Road Frame - Black, 60","176","Black","298","LL Road Frame","Road Frames","Components"
"0259","FR-R38B-62","LL Road Frame - Black, 62","176","Black","298","LL Road Frame","Road Frames","Components"
"0412","FW-M928","HL Mountain Front Wheel","133","Black","300","HL Mountain Front Wheel","Wheels","Components"
"0280","FR-R38B-44","LL Road Frame - Black, 44","170","Black","307","LL Road Frame","Road Frames","Components"
"0283","FR-R38B-48","LL Road Frame - Black, 48","170","Black","307","LL Road Frame","Road Frames","Components"
"0286","FR-R38B-52","LL Road Frame - Black, 52","170","Black","307","LL Road Frame","Road Frames","Components"
"0254","FR-R38B-58","LL Road Frame - Black, 58","170","Black","307","LL Road Frame","Road Frames","Components"
"0257","FR-R38B-60","LL Road Frame - Black, 60","170","Black","307","LL Road Frame","Road Frames","Components"
"0260","FR-R38B-62","LL Road Frame - Black, 62","170","Black","307","LL Road Frame","Road Frames","Components"
"0421","RW-M928","HL Mountain Rear Wheel","145","Black","327","HL Mountain Rear Wheel","Wheels","Components"
"0415","FW-R820","HL Road Front Wheel","147","Black","330","HL Road Front Wheel","Wheels","Components"
"0281","FR-R38B-44","LL Road Frame - Black, 44","205","Black","337","LL Road Frame","Road Frames","Components"
"0284","FR-R38B-48","LL Road Frame - Black, 48","205","Black","337","LL Road Frame","Road Frames","Components"
"0287","FR-R38B-52","LL Road Frame - Black, 52","205","Black","337","LL Road Frame","Road Frames","Components"
"0255","FR-R38B-58","LL Road Frame - Black, 58","205","Black","337","LL Road Frame","Road Frames","Components"
"0258","FR-R38B-60","LL Road Frame - Black, 60","205","Black","337","LL Road Frame","Road Frames","Components"
"0261","FR-R38B-62","LL Road Frame - Black, 62","205","Black","337","LL Road Frame","Road Frames","Components"
"0426","FR-M63B-40","ML Mountain Frame - Black, 40","186","Black","349","ML Mountain Frame","Mountain Frames","Components"
"0427","FR-M63B-44","ML Mountain Frame - Black, 44","186","Black","349","ML Mountain Frame","Mountain Frames","Components"
"0428","FR-M63B-48","ML Mountain Frame - Black, 48","186","Black","349","ML Mountain Frame","Mountain Frames","Components"
"0409","FR-M63B-38","ML Mountain Frame - Black, 38","186","Black","349","ML Mountain Frame-W","Mountain Frames","Components"
"0424","RW-R820","HL Road Rear Wheel","159","Black","357","HL Road Rear Wheel","Wheels","Components"
"0558","CS-9183","HL Crankset","180","Black","405","HL Crankset","Cranksets","Components"
"0304","FR-M94B-38","HL Mountain Frame - Black, 38","617","Black","1191","HL Mountain Frame","Mountain Frames","Components"
"0296","FR-M94B-42","HL Mountain Frame - Black, 42","617","Black","1191","HL Mountain Frame","Mountain Frames","Components"
"0301","FR-M94B-46","HL Mountain Frame - Black, 46","617","Black","1191","HL Mountain Frame","Mountain Frames","Components"
"0305","FR-M94B-38","HL Mountain Frame - Black, 38","654","Black","1227","HL Mountain Frame","Mountain Frames","Components"
"0297","FR-M94B-42","HL Mountain Frame - Black, 42","654","Black","1227","HL Mountain Frame","Mountain Frames","Components"
"0302","FR-M94B-46","HL Mountain Frame - Black, 46","654","Black","1227","HL Mountain Frame","Mountain Frames","Components"
"0439","FR-R92B-44","HL Road Frame - Black, 44","722","Black","1301","HL Road Frame","Road Frames","Components"
"0441","FR-R92B-48","HL Road Frame - Black, 48","722","Black","1301","HL Road Frame","Road Frames","Components"
"0443","FR-R92B-52","HL Road Frame - Black, 52","722","Black","1301","HL Road Frame","Road Frames","Components"
"0437","FR-R92B-62","HL Road Frame - Black, 62","722","Black","1301","HL Road Frame","Road Frames","Components"
"0306","FR-M94B-38","HL Mountain Frame - Black, 38","739","Black","1350","HL Mountain Frame","Mountain Frames","Components"
"0298","FR-M94B-42","HL Mountain Frame - Black, 42","739","Black","1350","HL Mountain Frame","Mountain Frames","Components"
"0299","FR-M94B-44","HL Mountain Frame - Black, 44","699","Black","1350","HL Mountain Frame","Mountain Frames","Components"
"0303","FR-M94B-46","HL Mountain Frame - Black, 46","739","Black","1350","HL Mountain Frame","Mountain Frames","Components"
"0300","FR-M94B-48","HL Mountain Frame - Black, 48","699","Black","1350","HL Mountain Frame","Mountain Frames","Components"
"0440","FR-R92B-44","HL Road Frame - Black, 44","869","Black","1432","HL Road Frame","Road Frames","Components"
"0442","FR-R92B-48","HL Road Frame - Black, 48","869","Black","1432","HL Road Frame","Road Frames","Components"
"0444","FR-R92B-52","HL Road Frame - Black, 52","869","Black","1432","HL Road Frame","Road Frames","Components"
"0210","FR-R92B-58","HL Road Frame - Black, 58","869","Black","1432","HL Road Frame","Road Frames","Components"
"0438","FR-R92B-62","HL Road Frame - Black, 62","869","Black","1432","HL Road Frame","Road Frames","Components"
"0510","FR-T67U-44","LL Touring Frame - Blue, 44","200","Blue","333","LL Touring Frame","Touring Frames","Components"
"0502","FR-T67U-50","LL Touring Frame - Blue, 50","200","Blue","333","LL Touring Frame","Touring Frames","Components"
"0503","FR-T67U-54","LL Touring Frame - Blue, 54","200","Blue","333","LL Touring Frame","Touring Frames","Components"
"0504","FR-T67U-58","LL Touring Frame - Blue, 58","200","Blue","333","LL Touring Frame","Touring Frames","Components"
"0505","FR-T67U-62","LL Touring Frame - Blue, 62","200","Blue","333","LL Touring Frame","Touring Frames","Components"
"0497","FR-T98U-46","HL Touring Frame - Blue, 46","602","Blue","1004","HL Touring Frame","Touring Frames","Components"
"0498","FR-T98U-50","HL Touring Frame - Blue, 50","602","Blue","1004","HL Touring Frame","Touring Frames","Components"
"0499","FR-T98U-54","HL Touring Frame - Blue, 54","602","Blue","1004","HL Touring Frame","Touring Frames","Components"
"0500","FR-T98U-60","HL Touring Frame - Blue, 60","602","Blue","1004","HL Touring Frame","Touring Frames","Components"
"0515","SE-M236","LL Mountain Seat/Saddle","12","NA","27","LL Mountain Seat/Saddle 2","Saddles","Components"
"0518","SE-R581","LL Road Seat/Saddle","12","NA","27","LL Road Seat/Saddle 1","Saddles","Components"
"0521","SE-T312","LL Touring Seat/Saddle","12","NA","27","LL Touring Seat/Saddle","Saddles","Components"
"0394","HS-0296","LL Headset","15","NA","34","LL Headset","Headsets","Components"
"0516","SE-M798","ML Mountain Seat/Saddle","17","NA","39","ML Mountain Seat/Saddle 2","Saddles","Components"
"0519","SE-R908","ML Road Seat/Saddle","17","NA","39","ML Road Seat/Saddle 2","Saddles","Components"
"0522","SE-T762","ML Touring Seat/Saddle","17","NA","39","ML Touring Seat/Saddle","Saddles","Components"
"0397","HB-M243","LL Mountain Handlebars","18","NA","40","LL Mountain Handlebars","Handlebars","Components"
"0403","HB-R504","LL Road Handlebars","18","NA","40","LL Road Handlebars","Handlebars","Components"
"0398","HB-M243","LL Mountain Handlebars","20","NA","45","LL Mountain Handlebars","Handlebars","Components"
"0404","HB-R504","LL Road Handlebars","20","NA","45","LL Road Handlebars","Handlebars","Components"
"0553","HB-T721","LL Touring Handlebars","20","NA","46","LL Touring Handlebars","Handlebars","Components"
"0517","SE-M940","HL Mountain Seat/Saddle","23","NA","53","HL Mountain Seat/Saddle 2","Saddles","Components"
"0520","SE-R995","HL Road Seat/Saddle","23","NA","53","HL Road Seat/Saddle 2","Saddles","Components"
"0523","SE-T924","HL Touring Seat/Saddle","23","NA","53","HL Touring Seat/Saddle","Saddles","Components"
"0601","BB-7421","LL Bottom Bracket","24","NA","54","LL Bottom Bracket","Bottom Brackets","Components"
"0399","HB-M763","ML Mountain Handlebars","25","NA","56","ML Mountain Handlebars","Handlebars","Components"
"0405","HB-R720","ML Road Handlebars","25","NA","56","ML Road Handlebars","Handlebars","Components"
"0400","HB-M763","ML Mountain Handlebars","27","NA","62","ML Mountain Handlebars","Handlebars","Components"
"0406","HB-R720","ML Road Handlebars","27","NA","62","ML Road Handlebars","Handlebars","Components"
"0554","HB-T928","HL Touring Handlebars","41","NA","92","HL Touring Handlebars","Handlebars","Components"
"0602","BB-8107","ML Bottom Bracket","45","NA","101","ML Bottom Bracket","Bottom Brackets","Components"
"0395","HS-2451","ML Headset","45","NA","102","ML Headset","Headsets","Components"
"0401","HB-M918","HL Mountain Handlebars","49","NA","109","HL Mountain Handlebars","Handlebars","Components"
"0407","HB-R956","HL Road Handlebars","49","NA","109","HL Road Handlebars","Handlebars","Components"
"0402","HB-M918","HL Mountain Handlebars","53","NA","120","HL Mountain Handlebars","Handlebars","Components"
"0408","HB-R956","HL Road Handlebars","53","NA","120","HL Road Handlebars","Handlebars","Components"
"0603","BB-9108","HL Bottom Bracket","54","NA","121","HL Bottom Bracket","Bottom Brackets","Components"
"0396","HS-3479","HL Headset","55","NA","125","HL Headset","Headsets","Components"
"0391","FK-1639","LL Fork","66","NA","148","LL Fork","Forks","Components"
"0392","FK-5136","ML Fork","78","NA","175","ML Fork","Forks","Components"
"0393","FK-9939","HL Fork","102","NA","229","HL Fork","Forks","Components"
"0262","FR-R38R-44","LL Road Frame - Red, 44","181","Red","307","LL Road Frame","Road Frames","Components"
"0264","FR-R38R-48","LL Road Frame - Red, 48","181","Red","307","LL Road Frame","Road Frames","Components"
"0266","FR-R38R-52","LL Road Frame - Red, 52","181","Red","307","LL Road Frame","Road Frames","Components"
"0268","FR-R38R-58","LL Road Frame - Red, 58","181","Red","307","LL Road Frame","Road Frames","Components"
"0270","FR-R38R-60","LL Road Frame - Red, 60","181","Red","307","LL Road Frame","Road Frames","Components"
"0272","FR-R38R-62","LL Road Frame - Red, 62","181","Red","307","LL Road Frame","Road Frames","Components"
"0263","FR-R38R-44","LL Road Frame - Red, 44","187","Red","337","LL Road Frame","Road Frames","Components"
"0265","FR-R38R-48","LL Road Frame - Red, 48","187","Red","337","LL Road Frame","Road Frames","Components"
"0267","FR-R38R-52","LL Road Frame - Red, 52","187","Red","337","LL Road Frame","Road Frames","Components"
"0269","FR-R38R-58","LL Road Frame - Red, 58","187","Red","337","LL Road Frame","Road Frames","Components"
"0271","FR-R38R-60","LL Road Frame - Red, 60","187","Red","337","LL Road Frame","Road Frames","Components"
"0273","FR-R38R-62","LL Road Frame - Red, 62","187","Red","337","LL Road Frame","Road Frames","Components"
"0274","FR-R72R-44","ML Road Frame - Red, 44","352","Red","595","ML Road Frame","Road Frames","Components"
"0275","FR-R72R-48","ML Road Frame - Red, 48","352","Red","595","ML Road Frame","Road Frames","Components"
"0276","FR-R72R-52","ML Road Frame - Red, 52","352","Red","595","ML Road Frame","Road Frames","Components"
"0277","FR-R72R-58","ML Road Frame - Red, 58","352","Red","595","ML Road Frame","Road Frames","Components"
"0278","FR-R72R-60","ML Road Frame - Red, 60","352","Red","595","ML Road Frame","Road Frames","Components"
"0241","FR-R92R-44","HL Road Frame - Red, 44","748","Red","1263","HL Road Frame","Road Frames","Components"
"0244","FR-R92R-48","HL Road Frame - Red, 48","748","Red","1263","HL Road Frame","Road Frames","Components"
"0247","FR-R92R-52","HL Road Frame - Red, 52","748","Red","1263","HL Road Frame","Road Frames","Components"
"0250","FR-R92R-56","HL Road Frame - Red, 56","748","Red","1263","HL Road Frame","Road Frames","Components"
"0238","FR-R92R-62","HL Road Frame - Red, 62","748","Red","1263","HL Road Frame","Road Frames","Components"
"0242","FR-R92R-44","HL Road Frame - Red, 44","722","Red","1301","HL Road Frame","Road Frames","Components"
"0245","FR-R92R-48","HL Road Frame - Red, 48","722","Red","1301","HL Road Frame","Road Frames","Components"
"0248","FR-R92R-52","HL Road Frame - Red, 52","722","Red","1301","HL Road Frame","Road Frames","Components"
"0251","FR-R92R-56","HL Road Frame - Red, 56","722","Red","1301","HL Road Frame","Road Frames","Components"
"0239","FR-R92R-62","HL Road Frame - Red, 62","722","Red","1301","HL Road Frame","Road Frames","Components"
"0243","FR-R92R-44","HL Road Frame - Red, 44","869","Red","1432","HL Road Frame","Road Frames","Components"
"0246","FR-R92R-48","HL Road Frame - Red, 48","869","Red","1432","HL Road Frame","Road Frames","Components"
"0249","FR-R92R-52","HL Road Frame - Red, 52","869","Red","1432","HL Road Frame","Road Frames","Components"
"0252","FR-R92R-56","HL Road Frame - Red, 56","869","Red","1432","HL Road Frame","Road Frames","Components"
"0211","FR-R92R-58","HL Road Frame - Red, 58","869","Red","1432","HL Road Frame","Road Frames","Components"
"0240","FR-R92R-62","HL Road Frame - Red, 62","869","Red","1432","HL Road Frame","Road Frames","Components"
"0559","CH-0234","Chain","09","Silver","20","Chain","Chains","Components"
"0552","FD-2342","Front Derailleur","41","Silver","91","Front Derailleur","Derailleurs","Components"
"0555","FB-9873","Front Brakes","47","Silver","106","Front Brakes","Brakes","Components"
"0514","RB-9231","Rear Brakes","47","Silver","106","Rear Brakes","Brakes","Components"
"0501","RD-2308","Rear Derailleur","54","Silver","121","Rear Derailleur","Derailleurs","Components"
"0551","FR-M21S-40","LL Mountain Frame - Silver, 40","145","Silver","264","LL Mountain Frame","Mountain Frames","Components"
"0524","FR-M21S-42","LL Mountain Frame - Silver, 42","145","Silver","264","LL Mountain Frame","Mountain Frames","Components"
"0525","FR-M21S-44","LL Mountain Frame - Silver, 44","145","Silver","264","LL Mountain Frame","Mountain Frames","Components"
"0526","FR-M21S-48","LL Mountain Frame - Silver, 48","145","Silver","264","LL Mountain Frame","Mountain Frames","Components"
"0527","FR-M21S-52","LL Mountain Frame - Silver, 52","145","Silver","264","LL Mountain Frame","Mountain Frames","Components"
"0549","FR-M63S-38","ML Mountain Frame-W - Silver, 38","199","Silver","364","ML Mountain Frame-W","Mountain Frames","Components"
"0511","FR-M63S-40","ML Mountain Frame-W - Silver, 40","199","Silver","364","ML Mountain Frame-W","Mountain Frames","Components"
"0512","FR-M63S-42","ML Mountain Frame-W - Silver, 42","199","Silver","364","ML Mountain Frame-W","Mountain Frames","Components"
"0513","FR-M63S-46","ML Mountain Frame-W - Silver, 46","199","Silver","364","ML Mountain Frame-W","Mountain Frames","Components"
"0307","FR-M94S-38","HL Mountain Frame - Silver, 38","624","Silver","1204","HL Mountain Frame","Mountain Frames","Components"
"0288","FR-M94S-42","HL Mountain Frame - Silver, 42","624","Silver","1204","HL Mountain Frame","Mountain Frames","Components"
"0293","FR-M94S-46","HL Mountain Frame - Silver, 46","624","Silver","1204","HL Mountain Frame","Mountain Frames","Components"
"0308","FR-M94S-38","HL Mountain Frame - Silver, 38","661","Silver","1240","HL Mountain Frame","Mountain Frames","Components"
"0289","FR-M94S-42","HL Mountain Frame - Silver, 42","661","Silver","1240","HL Mountain Frame","Mountain Frames","Components"
"0294","FR-M94S-46","HL Mountain Frame - Silver, 46","661","Silver","1240","HL Mountain Frame","Mountain Frames","Components"
"0309","FR-M94S-38","HL Mountain Frame - Silver, 38","747","Silver","1364","HL Mountain Frame","Mountain Frames","Components"
"0290","FR-M94S-42","HL Mountain Frame - Silver, 42","747","Silver","1364","HL Mountain Frame","Mountain Frames","Components"
"0291","FR-M94S-44","HL Mountain Frame - Silver, 44","707","Silver","1364","HL Mountain Frame","Mountain Frames","Components"
"0295","FR-M94S-46","HL Mountain Frame - Silver, 46","747","Silver","1364","HL Mountain Frame","Mountain Frames","Components"
"0292","FR-M94S-52","HL Mountain Frame - Silver, 48","707","Silver","1364","HL Mountain Frame","Mountain Frames","Components"
"0542","PD-M282","LL Mountain Pedal","18","Silver/Black","40","LL Mountain Pedal","Pedals","Components"
"0545","PD-R347","LL Road Pedal","18","Silver/Black","40","LL Road Pedal","Pedals","Components"
"0543","PD-M340","ML Mountain Pedal","28","Silver/Black","62","ML Mountain Pedal","Pedals","Components"
"0546","PD-R563","ML Road Pedal","28","Silver/Black","62","ML Road Pedal","Pedals","Components"
"0544","PD-M562","HL Mountain Pedal","36","Silver/Black","81","HL Mountain Pedal","Pedals","Components"
"0547","PD-R853","HL Road Pedal","36","Silver/Black","81","HL Road Pedal","Pedals","Components"
"0548","PD-T852","Touring Pedal","36","Silver/Black","81","Touring Pedal","Pedals","Components"
"0506","FR-T67Y-44","LL Touring Frame - Yellow, 44","200","Yellow","333","LL Touring Frame","Touring Frames","Components"
"0507","FR-T67Y-50","LL Touring Frame - Yellow, 50","200","Yellow","333","LL Touring Frame","Touring Frames","Components"
"0508","FR-T67Y-54","LL Touring Frame - Yellow, 54","200","Yellow","333","LL Touring Frame","Touring Frames","Components"
"0509","FR-T67Y-58","LL Touring Frame - Yellow, 58","200","Yellow","333","LL Touring Frame","Touring Frames","Components"
"0493","FR-T67Y-62","LL Touring Frame - Yellow, 62","200","Yellow","333","LL Touring Frame","Touring Frames","Components"
"0417","FR-R72Y-38","ML Road Frame-W - Yellow, 38","300","Yellow","541","ML Road Frame-W","Road Frames","Components"
"0429","FR-R72Y-40","ML Road Frame-W - Yellow, 40","300","Yellow","541","ML Road Frame-W","Road Frames","Components"
"0431","FR-R72Y-42","ML Road Frame-W - Yellow, 42","300","Yellow","541","ML Road Frame-W","Road Frames","Components"
"0433","FR-R72Y-44","ML Road Frame-W - Yellow, 44","300","Yellow","541","ML Road Frame-W","Road Frames","Components"
"0435","FR-R72Y-48","ML Road Frame-W - Yellow, 48","300","Yellow","541","ML Road Frame-W","Road Frames","Components"
"0418","FR-R72Y-38","ML Road Frame-W - Yellow, 38","361","Yellow","595","ML Road Frame-W","Road Frames","Components"
"0430","FR-R72Y-40","ML Road Frame-W - Yellow, 40","361","Yellow","595","ML Road Frame-W","Road Frames","Components"
"0432","FR-R72Y-42","ML Road Frame-W - Yellow, 42","361","Yellow","595","ML Road Frame-W","Road Frames","Components"
"0434","FR-R72Y-44","ML Road Frame-W - Yellow, 44","361","Yellow","595","ML Road Frame-W","Road Frames","Components"
"0436","FR-R72Y-48","ML Road Frame-W - Yellow, 48","361","Yellow","595","ML Road Frame-W","Road Frames","Components"
"0494","FR-T98Y-46","HL Touring Frame - Yellow, 46","602","Yellow","1004","HL Touring Frame","Touring Frames","Components"
"0495","FR-T98Y-50","HL Touring Frame - Yellow, 50","602","Yellow","1004","HL Touring Frame","Touring Frames","Components"
"0496","FR-T98Y-54","HL Touring Frame - Yellow, 54","602","Yellow","1004","HL Touring Frame","Touring Frames","Components"
"0492","FR-T98Y-60","HL Touring Frame - Yellow, 60","602","Yellow","1004","HL Touring Frame","Touring Frames","Components"
